repositoryName,io.springfox:springfox-swagger-ui,io.springfox:springfox-swagger2,both
nacos-group/nacos-sync,0,1,0
hantsy/angularjs-springmvc-sample-boot,0,1,0
dunwu/spring-tutorial,0,1,0
SpringCloud/spring-cloud-codegen,0,1,0
aliyun/alibabacloud-microservice-demo,0,0,0
coderbruis/JavaSourceCodeLearning,0,1,0
abel533/guns,0,1,0
javadevjournal/javadevjournal,0,1,0
houko/SpringBootUnity,0,4,0
penguin-statistics/backend,0,1,0
liuht777/Taroco,0,2,0
stacksimplify/aws-eks-kubernetes-masterclass,0,0,0
dromara/sureness,0,1,0
tmobile/t-vault,0,1,0
chengdedeng/waf,0,1,0
yangzongzhuan/RuoYi-Cloud,0,1,0
hantsy/angularjs-springmvc-sample,0,1,0
smltq/spring-boot-demo,0,1,0
gnuhpc/Kafka-zk-restapi,0,1,0
cheese10yun/spring-guide,0,1,0
DimpleFeng/DimpleBlog,0,1,0
ityouknow/spring-boot-examples,0,1,0
cheese10yun/spring-jpa-best-practices,0,1,0
maventalker/simplemall,0,1,0
JMCuixy/swagger2word,0,1,0
perye/dokit,0,1,0
linlinjava/litemall,0,2,0
myxzjie/cms,0,1,0
exadel-inc/CompreFace,0,2,0
java-aodeng/hope-boot,0,1,0
allanzhuo/yyblog,0,1,0
isopropylcyanide/Jwt-Spring-Security-JPA,0,1,0
stylefeng/Guns,0,1,0
karcan/javaBootcamp,0,1,0
fabioformosa/quartz-manager,0,1,0
spring-petclinic/spring-petclinic-rest,0,1,0
Baeldung/spring-security-oauth,0,1,0
loda-kun/spring-boot-learning,0,1,0
lerry903/RuoYi,0,1,0
wuyouzhuguli/SpringAll,0,1,0
apache/dubbo-admin,0,1,0
WeBankPartners/wecube-platform,0,2,0
crossoverJie/cim,0,3,0
seagull1985/LuckyFrameWeb,0,1,0
niaobulashi/ruoyi,0,1,0
