repositoryName,org.apache.poi:poi,org.apache.poi:poi-ooxml,both
codelibs/elasticsearch-dataformat,2,1,1
monitorjbl/excel-streaming-reader,14,8,7
archine/tools,27,3,3
datageartech/datagear,3,3,3
stacksimplify/aws-eks-kubernetes-masterclass,0,0,0
multilang-depends/depends,1,1,0
jxlsteam/jxls,21,9,6
Crab2died/Excel4J,4,1,1
erupts/erupt,4,2,2
alibaba/easyexcel,85,18,9
dandelion/dandelion-datatables,2,1,1
taweili/ardublock,1,2,1
perye/dokit,1,0,0
sarahtattersall/PIPE,0,0,0
Sayi/poi-tl,12,122,9
ralscha/blog2019,1,0,0
aspose-words/Aspose.Words-for-Java,6,6,1
Zo3i/frpMgr,6,7,4
